[
{
    "model": "e5_app.rubric",
    "pk": 1,
    "fields": {
        "name": "Практика"
    }
},
{
    "model": "e5_app.rubric",
    "pk": 2,
    "fields": {
        "name": "Выставки и конференции"
    }
},
{
    "model": "e5_app.rubric",
    "pk": 3,
    "fields": {
        "name": "Студенческие достижения"
    }
},
{
    "model": "e5_app.news",
    "pk": 1,
    "fields": {
        "name": "Летняя практика в компании LD",
        "description": "4 марта (понедельник) 14:00 в ауд. 420т у нас в гостях будет наш промышленный партнер — компания LD (Челябинск)!",
        "picture": "photos/news/2024/03/letnya_praktika.jpg",
        "show": "e",
        "content": "<p><a href=\"https://лд.рф/\">Компания LD</a> &mdash; ведущее предприятие России по производству трубопроводной арматуры.</p>\r\n\r\n<p>Директор московского представительства Саркис Айрапетян кратко расскажет о компании и уникальной возможности прохождения летней практики на предприятии, ответит на ваши вопросы. И самое главное, проведет собеседование с теми претендентами, кто захочет пройти летнюю производственную практику в компании LD.</p>\r\n\r\n<p><strong>Преимущества летней практики в компании LD:<img alt=\"Летняя практика\" src=\"/media/ckeditor/2024/03/26/letnya_praktika.jpg\" style=\"border-style:solid; border-width:1px; float:right; height:200px; margin:3px; width:200px\" /></strong></p>\r\n\r\n<ul>\r\n\t<li>молодой целеустремленный коллектив;</li>\r\n\t<li>работа в конструкторском отделе, станках с ЧПУ в производственном отделе и многое другое в Челябинске или в офисе в Москве по вашему выбору;</li>\r\n\t<li>стипендия от компании в размере 25 тыс. рублей;</li>\r\n\t<li>проживание в Челябинске в комфортабельных условиях;</li>\r\n\t<li>организация проезда.</li>\r\n</ul>\r\n\r\n<p>&nbsp;</p>\r\n\r\n<hr />\r\n<p><strong>LD это:</strong></p>\r\n\r\n<ul>\r\n\t<li>более 2500 сотрудников;</li>\r\n\t<li>более 2 000 000 клиентов из 26 стран мира;</li>\r\n\t<li>разработка и проектирование конструкции продукта в соответствии с требованиями ГОСТ;</li>\r\n\t<li>полный цикл производства, включая изготовления оснастки;</li>\r\n\t<li>современный станочный парк;</li>\r\n\t<li>многоступенчатый контроль качества;</li>\r\n\t<li>сервисное сопровождение;</li>\r\n\t<li>собственный логистический центр;</li>\r\n\t<li>офис в Москве у м. Электрозаводская.</li>\r\n</ul>\r\n\r\n<p>Как это было в прошлом году: <a href=\"https://vk.com/wall-78712884_1976\">vk.com/kafedra_e5</a><br />\r\n<a href=\"https://disk.yandex.ru/d/GxR8t5Wsz9nnUA\">Больше фото</a>.</p>",
        "created_at": "2024-03-02T17:11:00Z",
        "slug_url": "letnyaya-praktika-v-kompanii-ld",
        "rubrics": [
            1
        ]
    }
},
{
    "model": "e5_app.news",
    "pk": 2,
    "fields": {
        "name": "Конференция «Перспективы отечественного компрессоростроения» 19/09/2023",
        "description": "19 сентября 2023 г. в МГТУ им. Н.Э. Баумана совместно с Ассоциацией компрессорных заводов пройдет конференция «Перспективы отечественного компрессоростроения».",
        "picture": "photos/news/2024/03/conf-poc-19-09-2023-300x300.png",
        "show": "d",
        "content": "<h2>Программа мероприятия</h2>\r\n\r\n<p><strong>9:00 &mdash; 10:00</strong><br />\r\nВстреча участников в МГТУ им. Н.Э. Баумана на 1 проходной Главного учебного корпуса (ГУК) (2-я Бауманская, 5, стр. 1), регистрация и получение информационных материалов на кафедре Э5 &laquo;ВАКУУМНАЯ И КОМПРЕССОРНАЯ ТЕХНИКА&raquo;.</p>\r\n\r\n<p>Кофе-брейк (кафедра Э-5 ауд. 122.7а).</p>\r\n\r\n<p><strong>10:30 &mdash; 11:30</strong><br />\r\nЭкскурсия по новому Технологическому корпусу университета.</p>\r\n\r\n<h3><strong>11:30 &mdash; 13:00</strong> Конференция &laquo;Перспективы отечественного компрессоростроения&raquo;</h3>\r\n\r\n<p>Зал ученого совета ГУК, ауд. 314-315.</p>\r\n\r\n<p>Председатель конференции &mdash; Чернышев А.В., д.т.н., профессор</p>\r\n\r\n<ul>\r\n\t<li><strong>Спектор Борис Андреевич</strong>, Председатель Правления Ассоциации компрессорных заводов, Приветственное слово участникам Конференции.</li>\r\n\t<li><strong>Жердев Анатолий Анатольевич</strong>, руководитель научно-учебного комплекса &laquo;Энергомашиностроение&raquo;, Приветственное слово участникам Конференции.</li>\r\n\t<li><strong>Чернышев Андрей Владимирович</strong>, заведующий кафедрой Э5 &laquo;ВАКУУМНАЯ И КОМПРЕССОРНАЯ ТЕХНИКА&raquo;, &laquo;Проблемы подготовки специалистов для отрасли компрессоростроения&raquo;.</li>\r\n\t<li><strong>Слободов Евгений Борисович</strong>, Президент ООО &laquo;МВиФ&raquo;, &laquo;Совместная подготовка специалистов ООО &laquo;МВиФ&raquo; и МГТУ им. Н.Э. Баумана&raquo;.</li>\r\n\t<li><strong>Ворошилов Игорь Валерьевич</strong>, генеральный директор ООО &laquo;ККЗ&raquo;, СВзаимодействие завода и университета по подготовке кадров&raquo;.</li>\r\n\t<li>Выступления студентов, аспирантов и докторантов кафедры:\r\n\t<div>&nbsp;</div>\r\n\r\n\t<ul>\r\n\t\t<li>\r\n\t\t<div><strong>Львов Д.Ю.</strong>, доклад по теме выпускной квалификационной работе специалиста, &laquo;Водородная заправочная станция на базе мембранного компрессора&raquo;, доклад 10 мин + ответы на вопросы;</div>\r\n\t\t</li>\r\n\t\t<li>\r\n\t\t<div><strong>Капустин П.Н.</strong>, доклад по теме диссертационной работы аспиранта, &laquo;Учет крутильных колебаний ПК&raquo; (научный руководитель &ndash; к.т.н., доцент Дегтярева Т.С.), 10 мин + ответы на вопросы;</div>\r\n\t\t</li>\r\n\t\t<li>\r\n\t\t<div><strong>Атамасов Н.В.</strong>, доклад по теме диссертационной работы докторанта, &laquo;Перспективы применения технологий искусственного интеллекта&raquo;, 10 мин + ответы на вопросы.</div>\r\n\t\t</li>\r\n\t</ul>\r\n\t</li>\r\n\t<li>Свободная дискуссия.</li>\r\n</ul>\r\n\r\n<p><strong>13:00 &mdash; 14:00</strong><br />\r\nОбед в столовой МГТУ им. Н.Э. Баумана, ГУК.</p>\r\n\r\n<p><strong>14:00 &mdash; 17:30</strong></p>\r\n\r\n<ul>\r\n\t<li>Совещание АКЗ (ауд. 316 ГУК) &ndash; только для членов Ассоциации. Ведущий &mdash; Спектор Борис Андреевич, Председатель Правления Ассоциации.</li>\r\n\t<li>Методический семинар представителей ВУЗов и промышленности (лаб. каф. Э-5, ГУК). Ведущая &mdash; Белова Ольга Владимировна, доцент кафедры &laquo;Вакуумная и компрессорная техника&raquo;.</li>\r\n</ul>\r\n\r\n<p><strong>17:30</strong><br />\r\nОтъезд участников.</p>",
        "created_at": "2023-09-13T12:09:00Z",
        "slug_url": "konferenciya-perspektivy-otechestvennogo-kompresso",
        "rubrics": [
            2
        ]
    }
},
{
    "model": "e5_app.news",
    "pk": 3,
    "fields": {
        "name": "Итоги XI конференции «Вакуумная, компрессорная техника и пневмоагрегаты 2023»",
        "description": "Поздравляем с успешно прошедшей 21.04.2023 конференцией «Вакуумная, компрессорная техника и пневмоагрегаты 2023». Все доклады были сделаны на актуальные темы и выполнены на высоком уровне.",
        "picture": "photos/news/2024/03/sdf.jpg",
        "show": "d",
        "content": "<p><img alt=\"\" src=\"/media/ckeditor/2024/03/27/img_6408-900-1024x633.jpg\" style=\"height:576px; width:932px\" /></p>\r\n\r\n<p>Все докладчики получили свидетельства об участии в конференции и сувениры от наших спонсоров, а авторы лучших работ &mdash; дипломы.</p>\r\n\r\n<p><img alt=\"\" src=\"/media/ckeditor/2024/03/27/sponsors-vktio-2023-768x160.png\" style=\"border-style:solid; border-width:1px; height:63px; margin:1px; width:300px\" /></p>\r\n\r\n<p>Благодарим наших спонсоров и партнеров за вклад в проведение конференции и надеемся на долгосрочное сотрудничество!</p>\r\n\r\n<h2>Фотоотчет</h2>\r\n\r\n<h3>I&nbsp;Секция &laquo;Компрессорная техника&raquo;</h3>\r\n\r\n<p style=\"text-align:center\"><img alt=\"\" src=\"/media/ckeditor/2024/03/29/f1.jpg\" style=\"height:221px; width:300px\" /><img alt=\"\" src=\"/media/ckeditor/2024/03/29/f2.jpg\" style=\"height:221px; width:300px\" /><img alt=\"\" src=\"/media/ckeditor/2024/03/29/f3.jpg\" style=\"height:221px; width:300px\" /></p>\r\n\r\n<h3>II&nbsp;Секция &laquo;Вакуумная техника&raquo;</h3>\r\n\r\n<p style=\"text-align:center\"><img alt=\"\" src=\"/media/ckeditor/2024/03/29/s1.jpg\" style=\"height:221px; width:300px\" /><img alt=\"\" src=\"/media/ckeditor/2024/03/29/s2.jpg\" style=\"height:221px; width:300px\" /></p>\r\n\r\n<h3>III&nbsp;Секция &laquo;Пневмоагрегаты и пневмосистемы&raquo;</h3>\r\n\r\n<p style=\"text-align:center\"><img alt=\"\" src=\"/media/ckeditor/2024/03/29/t1.jpg\" style=\"height:199px; width:300px\" /><img alt=\"\" src=\"/media/ckeditor/2024/03/29/t2.jpg\" style=\"height:199px; width:300px\" /><img alt=\"\" src=\"/media/ckeditor/2024/03/29/t3.jpg\" style=\"height:199px; width:300px\" /><img alt=\"\" src=\"/media/ckeditor/2024/03/29/t4.jpg\" style=\"height:199px; width:300px\" /></p>\r\n\r\n<h2>Зачет по НИР на отлично</h2>\r\n\r\n<p>Все участники конференции, обучающие на кафедре Э-5 МГТУ им. Н.Э. Баумана, получают зачет зачет по НИР на отлично.<br />\r\nСрок сдачи статьи и по желанию отчета &ndash;&nbsp;<strong>15 мая</strong>.</p>\r\n\r\n<h2>Лучшие научные доклады</h2>\r\n\r\n<p>Поздравляем участников и участниц конференции, получивших дипломы за лучший научный доклад на секции:</p>\r\n\r\n<ul>\r\n\t<li>Пасхин Кирилл Игоревич</li>\r\n\t<li>Кабанов Станислав Владимирович</li>\r\n\t<li>Козлов Максим Вадимович</li>\r\n\t<li>Луценко Евгений Витальевич</li>\r\n\t<li>Терентьев Юрий Александрович</li>\r\n\t<li>Кузин Алексей Анатольевич</li>\r\n\t<li>Бурханова Виктория Максимовна</li>\r\n\t<li>Курнышов Алексей Михайлович</li>\r\n\t<li>Егоров Кирилл Игоревич</li>\r\n\t<li>Светлова Елена Алексеевна</li>\r\n\t<li>Григорьева Александра Ростиславовна</li>\r\n\t<li>Иванова Евгения Михайловна</li>\r\n</ul>",
        "created_at": "2023-04-26T15:24:00Z",
        "slug_url": "itogi-xi-konferencii-vakuumnaya-kompressornaya-teh",
        "rubrics": [
            2,
            3
        ]
    }
},
{
    "model": "e5_app.news",
    "pk": 5,
    "fields": {
        "name": "Весенние конференции на Э5: «Вакуумная, компрессорная техника и пневмоагрегаты 2023» и «Студенческая весна — 2023»",
        "description": "21 апреля на кафедре Э5 пройдут сразу 2 конференции: «Студенческая весна — 2023» и ежегодная кафедральная конференция «Вакуумная, компрессорная техника и пневмоагрегаты».",
        "picture": "photos/news/2024/03/vktip-2023-300x300.jpg",
        "show": "d",
        "content": "<h2>Студенческая весна &mdash; 2023</h2>\r\n\r\n<p>21 апреля 2023 г. в МГТУ им. Н.Э. Баумана на кафедре Э5 состоится ежегодная Всероссийская конференция &laquo;Студенческая научная весна&raquo;, посвященная 170-летию В.Г. Шухова.</p>\r\n\r\n<p>К&nbsp;участию в&nbsp;мероприятии приглашаются студенты специалитета, бакалавриата и&nbsp;магистратуры. По&nbsp;итогам конференции лучшие доклады будут опубликованы в&nbsp;сборнике тезисов докладов участников (РИНЦ).</p>\r\n\r\n<p>Заявку на учатие в конференции нужно подать <strong>до 21 марта</strong>.</p>\r\n\r\n<p>Требования к публикациям, анкету участника, шаблон направления от кафедры и авторского заявления:</p>\r\n\r\n<ul>\r\n\t<li><a href=\"https://e5.bmstu.ru/wp-content/uploads/2023/03/trebovaniya-k-publikacziyam_-studencheskaya-vesna_2023.doc\">Требования к публикациям</a></li>\r\n\t<li><a href=\"https://e5.bmstu.ru/wp-content/uploads/2023/03/avtorskoe-zayavlenie_studencheskaya-vesna_2023.docx\">Авторское заявление</a></li>\r\n\t<li><a href=\"https://e5.bmstu.ru/wp-content/uploads/2023/03/anketa_studencheskaya-vesna_2023.docx\">Анкета</a></li>\r\n\t<li><a href=\"https://e5.bmstu.ru/wp-content/uploads/2023/03/napravlenie-ot-kafedry_2023.docx\">Направление от кафедры</a></li>\r\n\t<li><a href=\"https://e5.bmstu.ru/wp-content/uploads/2023/03/polozhenie_studencheskaya-vesna_2023.doc\">Положение</a></li>\r\n\t<li><a href=\"https://e5.bmstu.ru/wp-content/uploads/2023/03/prikaz-stud.vesna-2023-1.docx\">Приказ</a></li>\r\n\t<li><a href=\"https://e5.bmstu.ru/wp-content/uploads/2023/03/prilozhenie-1-1.doc\">Приложение 1</a></li>\r\n\t<li><a href=\"https://e5.bmstu.ru/wp-content/uploads/2023/03/prilozhenie-2-1.docx\">Приложение 2</a></li>\r\n</ul>\r\n\r\n<p><a href=\"/media/ckeditor/2024/03/29/stud-vesna-2023.zip\">Скачать все докуенты одним архивом</a></p>\r\n\r\n<h2>Вакуумная, компрессорная техника и пневмоагрегаты 2023</h2>\r\n\r\n<p>Сайт конференции: <a href=\"https://e5.bmstu.ru/vktp/\" rel=\"noopener\" target=\"_blank\">e5.bmstu.ru/vktp</a></p>\r\n\r\n<p>В этом году конференция имеет статус&nbsp;<strong>общей</strong>.<br />\r\nК участию в мероприятии приглашаются ученые, исследователи, сотрудники предприятий и другие специалисты, специализирующиеся в области вакуумной и компрессорной техники, пневмосистем и пневмоагрегатов, нефтегазового производства и других смежных направлений, а также аспиранты, студенты, учащиеся старших классов и колледжей.</p>\r\n\r\n<p>В 2023 году конференция будет проходить в очно-заочном формате&nbsp;<strong>21 апреля с 10:00 до 17:30</strong>.</p>\r\n\r\n<p><strong>Для участия в конференции необходимо:</strong></p>\r\n\r\n<div class=\"entry-content\">\r\n<ol>\r\n\t<li><a href=\"https://forms.gle/scPuYzSRMhijozg67\" rel=\"noopener\" target=\"_blank\">Заполнить&nbsp;заявку на участие</a> <strong>до 31 марта 2023 г.</strong></li>\r\n\t<li>Направить текст статьи согласно требованиям на e-mail <a href=\"mailto:e5@bmstu.ru\">e5@bmstu.ru</a> <strong>до 14 апреля 2023 г.</strong></li>\r\n</ol>\r\n\r\n<p>Материалы всех принятых докладов будут опубликованы в сборнике на русском языке, индексируемом в базе данных РИНЦ с присвоением индекса DOI.</p>\r\n\r\n<p>Требования к оформлению текстов докладов конференции:</p>\r\n\r\n<ul>\r\n\t<li><a href=\"https://e5.bmstu.ru/wp-content/uploads/2022/03/Pravila_oformlenia_stati.docx\" rel=\"noopener noreferrer\" target=\"_blank\">Правила оформления статьи.docx</a></li>\r\n\t<li>Оргкомитет оставляет за собой право отклонить материалы, не соответствующие тематике конференции и / или оформленные с нарушением указанных требований.</li>\r\n\t<li>Название файла: фамилия первого автора_номер секции.</li>\r\n</ul>\r\n</div>",
        "created_at": "2023-03-21T12:57:00Z",
        "slug_url": "vesennie-konferencii-na-e5-vakuumnaya-kompressorna",
        "rubrics": [
            2
        ]
    }
},
{
    "model": "e5_app.news",
    "pk": 6,
    "fields": {
        "name": "Омская конференция «Техника и технология нефтехимического и нефтегазового производства»",
        "description": "С 15 по 18 марта 2023 года Федеральное государственное автономное образовательное учреждение высшего образования «Омский государственный технический университет» совместно с Федеральным государственным бюджетным учреждением науки «Федеральный исследовательский центр «Институт катализа им. Г.К. Борескова Сибирского отделения Российской академии наук» будут проводить международную научную конференцию «Техника и технология нефтехимического и нефтегазового производства– 2023: Современные вызовы в нефтехимической отрасли» («Oil and Gas Engineering: Мodern challenges in the petrochemical industry – 2023»).",
        "picture": "photos/news/2024/03/konf-omsk-2023-300x300.jpg",
        "show": "a",
        "content": "<p style=\"text-align:center\"><img alt=\"\" src=\"/media/ckeditor/2024/03/29/konf-omsk-logo.png\" style=\"height:183px; width:300px\" /></p>\r\n\r\n<p><strong>Научные секции конференции в 2023 году:</strong></p>\r\n\r\n<ul>\r\n\t<li>Фундаментальные и прикладные проблемы химической технологии</li>\r\n\t<li>Химическое и нефтегазовое машиностроение\r\n\t<ul>\r\n\t\t<li>Машины и аппараты химических производств</li>\r\n\t\t<li>Низкотемпературные технологии в нефтегазовой отрасли</li>\r\n\t</ul>\r\n\t</li>\r\n\t<li>Материаловедение и конструкционные материалы</li>\r\n\t<li>Цифровые решения и технологии анализа, моделирования и трансформации процессов и систем</li>\r\n\t<li>Мониторинг, диагностика и автоматизация</li>\r\n\t<li>Биотехнологические задачи нефтехимического и энергетического кластера</li>\r\n\t<li>Тонкий органический синтез</li>\r\n\t<li>Научные работы старшеклассников в области техники и технологии нефтехимического и нефтегазового производства</li>\r\n</ul>\r\n\r\n<p>Приглашаем Вас и Ваших сотрудников принять участие в работе конференции с научными докладами. Тезисы будут опубликованы в сборнике на русском языке, индексируемом в РИНЦ. <strong>Тезисы принимаются до 24 февраля 2023 года.</strong></p>\r\n\r\n<p>Публикации, которые будут опубликованы в журнале издательства AIP Publishing, индексируемом в базе данных научной литературы SCOPUS&ndash; &laquo;AIP Conference Proceedings&raquo;, в виде полнотекстовых статей на английском языке, принимаются <strong>до 24 февраля 2023 года</strong>.<br />\r\n<strong>Тезисы и расширенные материалы на английском языке принимаются к публикации только при очном представлении доклада на конференции.</strong></p>\r\n\r\n<p>С порядком представления и оформления материалов конференции, а также с вопросами по организации Вы можете ознакомиться по ссылке: &nbsp;<a href=\"https://conferences.omgtu.ru/conference/OGE2023\" rel=\"noopener\" target=\"_blank\">conferences.omgtu.ru/conference/OGE2023</a>.</p>\r\n\r\n<p><strong>Положение о конференции &mdash; <a href=\"https://e5.bmstu.ru/wp-content/uploads/2023/02/polozhenieoge_2023.pdf\" rel=\"noopener\" target=\"_blank\">скачать pdf</a>.</strong></p>\r\n\r\n<p>Мы будем рады видеть Вас на нашей конференции &laquo;Техника и технология нефтехимического и нефтегазового производства&ndash; 2023&raquo; (&laquo;Oil and Gas Engineering &ndash; 2023&raquo;).</p>\r\n\r\n<p>Рабочие языки конференции: русский, английский.</p>\r\n\r\n<p>Организационный комитет,<br />\r\nи.о. декана ИНХ А.А. Капелюховская</p>",
        "created_at": "2023-02-10T10:15:00Z",
        "slug_url": "omskaya-konferenciya-tehnika-i-tehnologiya-neftehi",
        "rubrics": [
            2
        ]
    }
},
{
    "model": "e5_app.employee",
    "pk": 1,
    "fields": {
        "photo": "photos/employee/cav_podr-241x300.jpg",
        "name": "Чернышев Андрей Владимирович",
        "description": "Заведующий кафедрой Э-5 «Вакуумная и компрессорная техника».\r\nДоктор технических наук, профессор.",
        "email_first": "av-chernyshev@yandex.ru",
        "email_second": "chernyshev@bmstu.ru"
    }
},
{
    "model": "e5_app.employee",
    "pk": 2,
    "fields": {
        "photo": "photos/employee/kda.jpg",
        "name": "Калинкин Дмитрий Анатольевич",
        "description": "Заместитель заведующего кафедрой Э-5 «Вакуумная и компрессорная техника».\r\nКандидат технических наук, доцент.",
        "email_first": "dakalinkin@yandex.ru",
        "email_second": "dakalinkin@bmstu.ru"
    }
},
{
    "model": "e5_app.employee",
    "pk": 3,
    "fields": {
        "photo": "photos/employee/Демихов-К.Е.-225x300.png",
        "name": "Демихов Константин Евгеньевич",
        "description": "Доктор технических наук, профессор, заслуженный деятель науки РФ, лауреат премий Правительства и Президента РФ, руководитель ведущей научной школы.",
        "email_first": "kdemikhov@yandex.ru",
        "email_second": "ked@bmstu.ru"
    }
},
{
    "model": "e5_app.employee",
    "pk": 4,
    "fields": {
        "photo": "photos/employee/aiv.jpg",
        "name": "Автономова Инна Владиславовна",
        "description": "Кандидат технических наук, доцент.",
        "email_first": "e5-kafedra@yandex.ru",
        "email_second": "aiv@bmstu.ru"
    }
},
{
    "model": "e5_app.employee",
    "pk": 5,
    "fields": {
        "photo": "photos/employee/belova-ov.jpg",
        "name": "Белова Ольга Владимировна",
        "description": "Кандидат технических наук, доцент.",
        "email_first": "ovbelova@yandex.ru",
        "email_second": "ovbelova@bmstu.ru"
    }
},
{
    "model": "e5_app.employee",
    "pk": 6,
    "fields": {
        "photo": "photos/employee/-Борисов-2-e1502094407912-225x300.jpg",
        "name": "Борисов Юрий Александрович",
        "description": "Кандидат технических наук, доцент.",
        "email_first": "boricovyu@gmail.com",
        "email_second": "borisovjua@bmstu.ru"
    }
},
{
    "model": "e5_app.employee",
    "pk": 7,
    "fields": {
        "photo": "photos/employee/-e1502101478661-217x300.jpg",
        "name": "Братусь Антон Валерьевич",
        "description": "Ассистент.",
        "email_first": "a.bratus@list.ru",
        "email_second": null
    }
},
{
    "model": "e5_app.employee",
    "pk": 8,
    "fields": {
        "photo": "photos/employee/dts2.jpg",
        "name": "Дегтярева Татьяна Сергеевна",
        "description": "Кандидат технических наук, доцент.",
        "email_first": "tatserd@yandex.ru",
        "email_second": "degtereva@bmstu.ru"
    }
},
{
    "model": "e5_app.employee",
    "pk": 9,
    "fields": {
        "photo": "photos/employee/Козлов-ВВ-1.jpg",
        "name": "Козлов Владимир Владимирович",
        "description": "Кандидат технических наук, доцент.",
        "email_first": "vladimir.kozlov@enecon.ru",
        "email_second": "vladimir.kozlov@bmstu.ru"
    }
},
{
    "model": "e5_app.employee",
    "pk": 10,
    "fields": {
        "photo": "photos/employee/kyv.jpg",
        "name": "Кюрджиев Юрий Владимирович",
        "description": "Кандидат технических наук, доцент.",
        "email_first": "uribmstu@yandex.ru",
        "email_second": "uribmstu@bmstu.ru"
    }
},
{
    "model": "e5_app.employee",
    "pk": 11,
    "fields": {
        "photo": "photos/employee/nnk.jpg",
        "name": "Никулин Николай Константинович",
        "description": "Кандидат технических наук, доцент.",
        "email_first": "nikulinnk@gmail.com",
        "email_second": "nkn@bmstu.ru"
    }
},
{
    "model": "e5_app.employee",
    "pk": 12,
    "fields": {
        "photo": "photos/employee/Очков_с-225x300.jpg",
        "name": "Очков Андрей Андреевич",
        "description": "Первый заместитель декана факультета «Энергомашиностроение», кандидат технических наук, доцент.",
        "email_first": "aochkov@rambler.ru",
        "email_second": "aochkov@bmstu.ru"
    }
},
{
    "model": "e5_app.employee",
    "pk": 13,
    "fields": {
        "photo": "photos/employee/psn.jpg",
        "name": "Прудников Сергей Николаевич",
        "description": "Кандидат технических наук, доцент.",
        "email_first": "sergeyprud@mail.ru",
        "email_second": null
    }
},
{
    "model": "e5_app.employee",
    "pk": 14,
    "fields": {
        "photo": "photos/employee/Свичкарь-Е.В.-225x300.jpg",
        "name": "Свичкарь Елена Владимировна",
        "description": "Заместитель декана факультета «Энергомашиностроение».\r\nКандидат технических наук, доцент.",
        "email_first": "svic@bk.ru",
        "email_second": "svichkar@bmstu.ru"
    }
},
{
    "model": "e5_app.employee",
    "pk": 15,
    "fields": {
        "photo": "photos/employee/svn2.jpg",
        "name": "Сергеев Владимир Николаевич",
        "description": "Кандидат технических наук, доцент.",
        "email_first": "vozduhoduvka@mail.ru",
        "email_second": "svn@bmstu.ru"
    }
},
{
    "model": "e5_app.employee",
    "pk": 16,
    "fields": {
        "photo": "photos/employee/Шемарова.jpg",
        "name": "Шемарова Ольга Александровна",
        "description": "",
        "email_first": "shemarova.o.a@bmstu.ru",
        "email_second": null
    }
},
{
    "model": "e5_app.employee",
    "pk": 17,
    "fields": {
        "photo": "photos/employee/Пискун-Е.jpg",
        "name": "Пискун Екатерина Сергеевна",
        "description": "Ассистент.",
        "email_first": "piskun.ek.s@gmail.com",
        "email_second": "piskun@bmstu.ru"
    }
},
{
    "model": "e5_app.employee",
    "pk": 18,
    "fields": {
        "photo": "photos/employee/Шадрин-Владислав-Сергеевич.jpg",
        "name": "Шадрин Владислав Сергеевич",
        "description": "Ассистент.",
        "email_first": "v_miler15@mail.ru",
        "email_second": null
    }
},
{
    "model": "e5_app.employee",
    "pk": 19,
    "fields": {
        "photo": "photos/employee/atamasov-n.jpg",
        "name": "Атамасов Никита Владимирович",
        "description": "Кандидат технических наук, доцент.",
        "email_first": "n.atamasov@yandex.ru",
        "email_second": null
    }
},
{
    "model": "e5_app.employee",
    "pk": 20,
    "fields": {
        "photo": "photos/employee/shostak-yu-a.jpg",
        "name": "Шостак Юлия Алексеевна",
        "description": "Кандидат технических наук, преподаватель.",
        "email_first": "shostak.uliya@yandex.ru",
        "email_second": null
    }
},
{
    "model": "e5_app.wcomponent",
    "pk": 1,
    "fields": {
        "name": "Технические характеристики"
    }
},
{
    "model": "e5_app.wcomponent",
    "pk": 2,
    "fields": {
        "name": "Преимущества"
    }
},
{
    "model": "e5_app.wcomponent",
    "pk": 3,
    "fields": {
        "name": "Область применения"
    }
},
{
    "model": "e5_app.work",
    "pk": 1,
    "fields": {
        "photo": "photos/works/mvvn16.04.06-034-300x225.jpg",
        "name": "Молекулярновязкостные вакуумные насосы (МВВН)",
        "description": "МВВН предназначены для работы в широкой области давлений всасывания: от до 10Па и ниже с быстротой действия от л/с до сотен л/с, т.е. в проточной части МВВН будут существовать практически все известные режимы течения газа: от турбулентного и ламинарного до молекулярного.\r\n\r\nВысоковакуумные механические насосы (турбомолекулярные и молекулярные) практически не затрачивают энергии на собственно процесс откачки, а вся мощность затрачивается на привод насоса, в основном – трение в подшипниках.\r\n\r\nВ соответствии с условиями работы МВВН состовляющая энергетических затрат, необходимая для осуществления процесса откачки, значительно возрастает."
    }
},
{
    "model": "e5_app.work",
    "pk": 2,
    "fields": {
        "photo": "photos/works/MicroCentrifuga-212x300.jpg",
        "name": "Малогабаритная высокоскоростная лабораторная микроцентрифуга с охлаждаемой рабочей полостью",
        "description": "Предназначена для проведения научно-исследовательских работ, связанных с центрифугированием биохимических и медицинских препаратов в стандартных пластиковых пробирках при разделении фаз, выделении белков, ДНК или РНК, экстракции биопрепаратов, при быстром выделении плазмид и т.д.\r\n\r\nДля охлаждения рабочей полости ротора в центрифуге применена оригинальная схема термостабилизации с использованием сменного источника холода на основе эвтектических растворов."
    }
},
{
    "model": "e5_app.work",
    "pk": 3,
    "fields": {
        "photo": "photos/works/SuperMixer-230x300.jpg",
        "name": "Супермиксер",
        "description": "Предназначен для быстрого перемешивания микрообъемов жидкостей, а также низкоскоростного центрифугирования биопрепаратов в пластиковых пробирках при проведении современных биохимических, генетических или молекулярно-биологических экспериментов.\r\n\r\nПеремешивание микрообъемов жидкостей в пробирках объемом 0,2-2,2 мл осуществляется в супермиксере путем их встряхивания («мягкий» режим) или вращения («жесткий» режим). При встряхивании не происходит разбрызгивания или даже распыления жидкости по внутренним стенкам пробирки."
    }
},
{
    "model": "e5_app.work",
    "pk": 4,
    "fields": {
        "photo": "photos/works/Termostat-217x300.jpg",
        "name": "Твердотельный термостат",
        "description": "Предназначен для термостатирования биологических проб в пластиковых пробирках с целью точного поддержания температуры в небольшом (до 2 мл) объеме жидкости при проведении экспериментальных работ по биохимии, молекулярной биологии, медицинской диагностике и др.\r\n\r\nВ термостате блок нагрева-охлаждения отделен от электронного блока управления. Оригинальная конструкция термоблока обеспечивает равномерное распределение внутренних теплопотоков в устройстве."
    }
},
{
    "model": "e5_app.workcomponent",
    "pk": 1,
    "fields": {
        "work": 1,
        "component": 1,
        "filling": "габаритные размеры, мм 210х220 / 75х160\r\n    частота вращения, об/мин 18000 / 72000\r\n    быстрота действия по воздуху, л/с 35 / 5\r\n    предельное остаточное давление, Па 10 / 5·103"
    }
},
{
    "model": "e5_app.workcomponent",
    "pk": 2,
    "fields": {
        "work": 2,
        "component": 2,
        "filling": "наличие системы охлаждения рабочей полости ротора значительно расширяет область применения центрифуги без изменения ее общей стоимости; стоимость в 2-3 раза меньше, чем у зарубежных аналогов."
    }
},
{
    "model": "e5_app.workcomponent",
    "pk": 3,
    "fields": {
        "work": 2,
        "component": 3,
        "filling": "генная инженерия, молекулярная биология, микробиология, вирусология, биохимия, практическая медицина, судебно-медицинская экспертиза, ветеринария и др."
    }
},
{
    "model": "e5_app.workcomponent",
    "pk": 4,
    "fields": {
        "work": 2,
        "component": 1,
        "filling": "Угловая скорость не менее 100…16000 об/мин.\r\n    Линейное ускорение (при 16000 об/мин) не менее 17100 g.\r\n    Время непрерывной работы 20 мин.\r\n    Время разгона до максимальной угловой скорости не более 30 сек.\r\n    Время торможения до полной остановки (с 16000 об/мин) не более 35 сек.\r\n    Температура в полости ротора не более 8…20°С.\r\n    Типы применяемых роторов:\r\n    — ротор на 18 пробирок объемом 0,5 мл;\r\n    — ротор на 12 пробирок объемом 1,5 или 2,0 мл.\r\n    Напряжение питания 220В / 50Гц.\r\n    Потребляемая мощность не более 300 Вт."
    }
},
{
    "model": "e5_app.workcomponent",
    "pk": 5,
    "fields": {
        "work": 3,
        "component": 2,
        "filling": "стоимость в 1,8 раза меньше, чем у зарубежных аналогов (VORTEX)."
    }
},
{
    "model": "e5_app.workcomponent",
    "pk": 6,
    "fields": {
        "work": 3,
        "component": 3,
        "filling": "генная инженерия, молекулярная биология, микробиология, вирусология, биохимия, практическая медицина, судебно-медицинская экспертиза, сельское хозяйство и ветеринария и др."
    }
},
{
    "model": "e5_app.workcomponent",
    "pk": 7,
    "fields": {
        "work": 3,
        "component": 1,
        "filling": "Скорость вращения ротора 60…3600 об/мин (до 2400 g).\r\n    Ячейки ротора (пробирки) 8 х 1,5 мл и 8 х 0,5 мл.\r\n    Объем перемешиваемой жидкости:\r\n    — «мягкий» режим 1…250мкл (до 1/6 объема пробирки);\r\n    — «жесткий» режим 0,03…1мл (до 2/3 объема пробирки).\r\n    Напряжение питания 220 В /50 Гц.\r\n    Потребляемая мощность 40 Вт.\r\n    Габаритные размеры 150х150х150 мм."
    }
},
{
    "model": "e5_app.workcomponent",
    "pk": 8,
    "fields": {
        "work": 4,
        "component": 3,
        "filling": "генная инженерия, молекулярная биология, микробиология, вирусология, биохимия, практическая медицина, судебно-медицинская экспертиза, сельское хозяйство и ветеринария и др."
    }
},
{
    "model": "e5_app.workcomponent",
    "pk": 9,
    "fields": {
        "work": 4,
        "component": 1,
        "filling": "Диапазон температур +25…+100 °С.\r\nТочность поддержания температуры 0,1 °С.\r\nРазброс температуры по блоку 0,2 °С.\r\nВремя нагрева от 20°С до 60°С 100 сек.\r\nВместимость блока (количество пробирок объемом 1,5-2,0 мл) 24.\r\nЦифровая индикация температуры- 4-хзначный ЖКИ.\r\nНапряжение питания 220 В / 50 Гц.\r\nПотребляемая мощность 150 Вт.\r\nГабаритные размеры 130х240х160 мм."
    }
},
{
    "model": "e5_app.workcomponent",
    "pk": 10,
    "fields": {
        "work": 4,
        "component": 2,
        "filling": "жесткий электронный мониторинг температуры;\r\n    очень высокая точность термостатирования;\r\n    надежность поддержания одинаковой заданной температуры во всех рабочих ячейках;\r\n    возможность подключения внешней холодильной установки для работы в диапазоне температур ниже комнатной;\r\n    относительно небольшая мощность нагревательных элементов;стоимость в 2-2,5 раза меньше, чем у зарубежных аналогов."
    }
},
{
    "model": "e5_app.company",
    "pk": 1,
    "fields": {
        "name": "OGE Engineering",
        "photo": "photos/companies/oge-engineering-logo-300x100_bDYh45L.jpg",
        "description": "«OGE Engineering» – инжиниринговая компания, специализирующаяся на поставках импортного промышленного оборудования для предприятий химической, нефтяной, газовой и нефтехимической промышленности. Мы являемся официальным эксклюзивным представителем на территории РФ компании «MIYAWAKI Inc»."
    }
},
{
    "model": "e5_app.company",
    "pk": 2,
    "fields": {
        "name": "Остек",
        "photo": "photos/companies/ostec-logo_BEADb37.png",
        "description": "Группа компаний Остек является крупным инжиниринговым предприятием в России и странах СНГ."
    }
},
{
    "model": "e5_app.company",
    "pk": 3,
    "fields": {
        "name": "LD",
        "photo": "photos/companies/ld-logo-01.png",
        "description": "За 30 лет своей успешной работы, Компания LD стала крупнейшим производителем трубопроводной арматуры в РФ. Свою лидирующую позицию на рынке компания обеспечила благодаря производству полного цикла без участия импортных компонентов. Благодаря этому факту предприятие гарантирует уверенный ежегодный прирост продукции и обеспечивает своих сотрудников стабильным заработком.\r\n\r\nИзделия, произведенные нашими заводами, зарекомендовали себя на мировом рынке и представлены в 25 странах, от Азии до Европы. Наши давние клиенты – ключевые лидеры рынка, такие как ГАЗПРОМ, РОСНЕФТЬ, ФОРТУМ, ПИК, продолжают доверять нашей компании и пользуются нашей продукцией в течение многих лет.\r\n\r\nМы гордимся тем, что обеспечиваем нашим клиентам высокое качество продукции и надежность поставок, а также предлагаем индивидуальный подход к каждому клиенту. Наша компания стремится к дальнейшему развитию и укреплению своей лидирующей позиции на рынке трубопроводной арматуры.\r\n\r\nНаша компания гарантирует своим сотрудникам стабильный заработок и возможности для профессионального роста."
    }
},
{
    "model": "e5_app.company",
    "pk": 4,
    "fields": {
        "name": "intech group",
        "photo": "photos/companies/intech-group.png",
        "description": ""
    }
},
{
    "model": "e5_app.company",
    "pk": 5,
    "fields": {
        "name": "НПО «Техномаш»",
        "photo": "photos/companies/logotip_im._afanaseva.jpg",
        "description": ""
    }
},
{
    "model": "e5_app.vcomponent",
    "pk": 1,
    "fields": {
        "name": "Вам предстоит"
    }
},
{
    "model": "e5_app.vcomponent",
    "pk": 2,
    "fields": {
        "name": "Что ожидаем от Вас"
    }
},
{
    "model": "e5_app.vcomponent",
    "pk": 3,
    "fields": {
        "name": "Мы предлагаем"
    }
},
{
    "model": "e5_app.vcomponent",
    "pk": 4,
    "fields": {
        "name": "Обязанности"
    }
},
{
    "model": "e5_app.vcomponent",
    "pk": 5,
    "fields": {
        "name": "Требования"
    }
},
{
    "model": "e5_app.vcomponent",
    "pk": 6,
    "fields": {
        "name": "Условия"
    }
},
{
    "model": "e5_app.vcomponent",
    "pk": 7,
    "fields": {
        "name": "Наши преимущества"
    }
},
{
    "model": "e5_app.vcomponent",
    "pk": 8,
    "fields": {
        "name": "Социальные гарантии"
    }
},
{
    "model": "e5_app.vcomponent",
    "pk": 9,
    "fields": {
        "name": "Комфортные условия"
    }
},
{
    "model": "e5_app.vcomponent",
    "pk": 10,
    "fields": {
        "name": "Зарплата"
    }
},
{
    "model": "e5_app.vacancy",
    "pk": 1,
    "fields": {
        "name": "Инженер-теплотехник (для обследования конденсатоотводчиков и др.)",
        "company": 1,
        "salary": "от 100 000 до 150 000 ₽ на руки.",
        "experience": "1–3 года",
        "schedule": "Полная занятость, полный день.",
        "slug_url": "inzhener-teplotehnik-dlya-obsledovaniya-kondensato",
        "content": "<p><strong>&laquo;MIYAWAKI&raquo;</strong>&nbsp;&ndash; ведущий японский производитель конденсатоотводчиков с более чем 90-летним опытом исследований и разработок в области энергосбережения для пароконденсатных систем. Оборудование MIYAWAKI установлено и успешно эксплуатируется на ведущих нефте/газоперерабатывающих и химических предприятиях России.</p>\r\n\r\n<p>В то время, как все основные мировые конкуренты покинули рынок РФ, компания MIYAWAKI продолжает официальные поставки своего оборудования в Россию. Поэтому мы продолжаем расширять свою деятельность по поставкам оборудования и находимся в поиске квалифицированного инженера-теплоэнергетика.</p>\r\n\r\n<p>Все условия индивидуальные и обсуждаются на собеседовании.</p>\r\n\r\n<p><strong>Для связи:</strong><br />\r\n+79064217406 (также WhatsApp)<br />\r\ntelegram: @lizaspic<br />\r\n<a href=\"https://hh.ru/vacancy/91665803?hhtmFrom=employer_vacancies\" rel=\"noopener\" target=\"_blank\">Ссылка на вакансию.</a></p>"
    }
},
{
    "model": "e5_app.vacancy",
    "pk": 2,
    "fields": {
        "name": "Инженер-конструктор вакуумного оборудования в компании Ostec",
        "company": 2,
        "salary": null,
        "experience": "От 1 года",
        "schedule": "Полная занятость, гибкий график.",
        "slug_url": "inzhener-konstruktor-vakuumnogo-oborudovaniya-v-ko",
        "content": "<p>В одном из подразделений ГК Остек, которое реализует комплексные проекты развития технических и технологических возможностей производств электронных компонентов открыта вакансия Инженера-конструктора.</p>\r\n\r\n<p><strong>Контакты:</strong></p>\r\n\r\n<p>Любовь Шебеко, специалист по подбору персонала<br />\r\nГруппа компаний Остек <a href=\"http://ostec-group.ru\" rel=\"noopener\" target=\"_blank\">https://ostec-group.ru/</a><br />\r\nМосква, ул. Молдавская, д. 5, стр. 2.<br />\r\nE-mail:&nbsp;<a href=\"mailto:hr_ostec_group@mail.ru\" rel=\"noopener\" target=\"_blank\">hr_ostec_group@mail.ru</a><br />\r\nМоб. тел.: <a href=\"tel:+79855817164\" rel=\"noopener\" target=\"_blank\">+7(985)581-71-64</a></p>"
    }
},
{
    "model": "e5_app.vacancy",
    "pk": 3,
    "fields": {
        "name": "Региональный менеджер по продажам трубопроводной арматуры",
        "company": 3,
        "salary": "от 110 000 ₽ на руки",
        "experience": null,
        "schedule": "Полная занятость, полный день.",
        "slug_url": "regionalnyj-menedzher-po-prodazham-truboprovodnoj",
        "content": "<p>Хотите стать частью успешной команды? Присоединяйтесь к нам!&nbsp;<strong>Компания LD</strong>&nbsp;&mdash; это твоя история успеха!</p>\r\n\r\n<p><strong>ОБРАЩАТЬСЯ:</strong> Айрапетян Саркис Рубики, <a href=\"tel:+79162205404\">+7-916-220-54-04</a>,&nbsp;<a href=\"mailto:7701@ldtd.ru\">7701@ldtd.ru</a></p>"
    }
},
{
    "model": "e5_app.vacancy",
    "pk": 4,
    "fields": {
        "name": "Менеджер по развитию направления ТС",
        "company": 3,
        "salary": "от 110 000 ₽ на руки",
        "experience": "Полная занятость, полный день.",
        "schedule": null,
        "slug_url": "menedzher-po-razvitiyu-napravleniya-ts",
        "content": "<p>Наша вакансия подойдет начинающим специалистам по продажам в сфере В2В. Мы гарантируем наставничество и профессиональную адаптацию в нашей активной команде. Вы сможете заниматься продажами технических продуктов и услуг, а также учиться у опытных коллег. Наша компания обеспечит Вас необходимыми инструментами и ресурсами для работы, а также поддержкой в виде обучения и наставничества, чтобы Вы могли развиваться и достигать своих карьерных целей.</p>\r\n\r\n<p>Хотите стать частью успешной команды? Присоединяйтесь к нам!&nbsp;<strong>Компания LD</strong>&nbsp;&mdash; это твоя история успеха!</p>\r\n\r\n<p><strong>ОБРАЩАТЬСЯ:</strong> Айрапетян Саркис Рубики, <a href=\"tel:+79162205404\">+7-916-220-54-04</a>,&nbsp;<a href=\"mailto:7701@ldtd.ru\">7701@ldtd.ru</a></p>"
    }
},
{
    "model": "e5_app.vacancy",
    "pk": 5,
    "fields": {
        "name": "РУКОВОДИТЕЛЬ ПРОЕКТОВ / ПОМОЩНИК РУКОВОДИТЕЛЯ ПРОЕКТОВ",
        "company": 4,
        "salary": null,
        "experience": null,
        "schedule": null,
        "slug_url": "rukovoditel-proektov-pomoshnik-rukovoditelya-proek",
        "content": "<h2>Сфера деятельности:</h2>\r\n\r\n<p>Ведение проектов по созданию и модернизации вакуумных систем и вакуумных установок различного<br />\r\nтехнологического назначения.</p>\r\n\r\n<h2>Контакт:</h2>\r\n\r\n<p>Константин Михайлович Моисеев, технический директор<br />\r\n<a href=\"tel:+79637849587\">+7-963-7849587</a><br />\r\n<a href=\"mailto:konstantin.moiseev@intech-group.ru\">konstantin.moiseev@intech-group.ru</a></p>\r\n\r\n<p><a href=\"http://www.intech-group.ru/\" rel=\"noopener\" target=\"_blank\">www.intech-group.ru</a></p>"
    }
},
{
    "model": "e5_app.vacancy",
    "pk": 6,
    "fields": {
        "name": "Инженер-испытатель в НПО «Техномаш»",
        "company": 5,
        "salary": "от 50 000 до 75 000 руб. на руки.",
        "experience": "1–3 года.",
        "schedule": "Полная занятость, полный день.",
        "slug_url": "inzhener-ispytatel-v-npo-tehnomash",
        "content": "<div class=\"vacancy-section\">\r\n<h2><strong>Обязанности</strong></h2>\r\n\r\n<div class=\"g-user-content\">\r\n<p>Принимать участие:</p>\r\n\r\n<ul>\r\n\t<li>в разработке конструкторской и технологической документации на испытательное оборудование в рамках ОКР;</li>\r\n\t<li>в изготовлении и испытании опытных образцов оборудования;</li>\r\n\t<li>в разработке и корректировке отраслевой и нормативной документации.</li>\r\n</ul>\r\n</div>\r\n</div>\r\n\r\n<div class=\"vacancy-section\">\r\n<h2><strong>Ключевые навыки</strong></h2>\r\n\r\n<div>\r\n<div class=\"bloko-tag-list\">\r\n<div class=\"bloko-tag bloko-tag_inline\">ЕСКД</div>\r\n\r\n<h2><strong>Контакты</strong></h2>\r\n\r\n<p><strong>Отдел управления персоналом:</strong><br />\r\nтелефон: <a href=\"tel:+74956899690\">8 (495) 689-96-90</a><br />\r\ne-mail:&nbsp;<a href=\"mailto:job@tmnpo.ru\"><span style=\"color:#0066cc\">job@tmnpo.ru</span></a></p>\r\n</div>\r\n</div>\r\n</div>"
    }
},
{
    "model": "e5_app.vacancycomponent",
    "pk": 1,
    "fields": {
        "vacancy": 1,
        "component": 1,
        "filling": "Подготовка Технико-коммерческих предложений по входящим заявкам;\r\nПериодические командировки на предприятия Заказчика по всей территории России (не чаще 2 раз в месяц);\r\nПроведение обследования конденсатоотводчиков с использованием специального оборудования MIYAWAKI;\r\nФормирование технического отчета по результатам обследования;\r\nПодготовка технико-экономического обоснования предлагаемых решений;\r\nПроведение технических переговоров с Заказчиком;\r\nЧтение чертежей и тепловых схем;\r\nВыполнение других текущих задач, в рамках должностных обязанностей."
    }
},
{
    "model": "e5_app.vacancycomponent",
    "pk": 2,
    "fields": {
        "vacancy": 1,
        "component": 2,
        "filling": "Высшее инженерно-теплоэнергетическое/техническое образование;\r\nОпыт работы в компаниях, занимающихся производством или сервисным обслуживанием технологического оборудования для пароконденсатных систем;\r\nЗнание программы AutoCad;\r\nГотовность к командировкам;\r\nЖелание работать и развиваться."
    }
},
{
    "model": "e5_app.vacancycomponent",
    "pk": 3,
    "fields": {
        "vacancy": 1,
        "component": 3,
        "filling": "Интересную работу в современной развивающейся компании;\r\nДостойную заработную плату и премиальный фонд по результатам закрытия проектов;\r\nПрофессиональный и карьерный рост;\r\nАдаптация и обучение на время испытательного срока (3 месяца);\r\nОформление в соответствии с ТК РФ с первого рабочего дня, полностью белая заработная плата: оклад + премия по результатам работы;\r\nГрафик работы 5/2 с 9.00 — 18.00 (возможно гибкое начало дня с 8.00 — 9.30)."
    }
},
{
    "model": "e5_app.vacancycomponent",
    "pk": 4,
    "fields": {
        "vacancy": 2,
        "component": 4,
        "filling": "Разработка, расчет и проектирование вакуумного оборудования(термическое оборудование, установки осаждения покрытий, вакуумные откачные посты, системы проверки на герметичность, установки имитации космических условий, специализированные системы по спецификации заказчика);\r\nРазработка эскизной, рабочей и эксплуатационной документации;\r\nРазработка спецификации оборудования с полным подбором компонентов и поиском поставщиков."
    }
},
{
    "model": "e5_app.vacancycomponent",
    "pk": 5,
    "fields": {
        "vacancy": 2,
        "component": 5,
        "filling": "Высшее образование;\r\nОпыт работы инженером-конструктором от 1 года;\r\nОПЫТ ПРОЕКТИРОВАНИЯ ВАКУУМНОГО И/ИЛИ ТЕРМИЧЕСКОГО ОБОРУДОВАНИЯ БУДЕТ ЯВЛЯТЬСЯ ПРЕИМУЩЕСТВОМ;\r\nЗнание нормативно-технической документации (ГОСТов);\r\nОпыт работы с программами AutoCAD, SolidWorks, Компас."
    }
},
{
    "model": "e5_app.vacancycomponent",
    "pk": 6,
    "fields": {
        "vacancy": 2,
        "component": 6,
        "filling": "Работа в успешной компании с 31-летней историей в команде интересных, увлеченных своим делом людей;\r\nПолное соблюдение трудового законодательства РФ;\r\nКонкурентный уровень дохода, учитывающий опыт и квалификацию, премии за положительные результаты работы (уровень дохода обсуждается на интервью с руководителем);\r\nДМС после успешного окончания испытательного срока;\r\nОплата мобильной связи;\r\nГибкий график работы: начало работы с 8.00 до 10.00, окончание – пропорционально 8-часовому рабочему дню;\r\nСовременный офис в Москве в шаговой доступности от м. Кунцевская."
    }
},
{
    "model": "e5_app.vacancycomponent",
    "pk": 7,
    "fields": {
        "vacancy": 2,
        "component": 7,
        "filling": "Остек — успешная инжиниринговая компания с более чем 30-летней историей.\r\nМеждународные и региональные выставки, собственный журнал «Вектор Высоких Технологий».\r\n500 + специалистов — экспертов высоких технологий.\r\nДемо-залы и лаборатории с технологическими новинками.\r\nСобственные высокотехнологичные разработки.\r\nУчастие в проектах, развивающих ТОПовые предприятия страны.\r\nРабота с современным оборудованием и с крупными заказчиками по передовым направлениям развития."
    }
},
{
    "model": "e5_app.vacancycomponent",
    "pk": 8,
    "fields": {
        "vacancy": 2,
        "component": 8,
        "filling": "100 % соблюдение ТК РФ.\r\nДостойный, конкурентный уровень дохода (система KPI).\r\nДМС (более 100 лечебных учреждений Москвы и области).\r\nСоциальная поддержка, вознаграждения, премии."
    }
},
{
    "model": "e5_app.vacancycomponent",
    "pk": 9,
    "fields": {
        "vacancy": 2,
        "component": 9,
        "filling": "Гибкое начало рабочего дня (с 8 до 10 утра).\r\n    Насыщенная корпоративная жизнь.\r\n    Сильная система наставничества и ввода в должность.\r\n    Программы обучения, профессионального и карьерного роста.\r\n    Корпоративная библиотека и собственный Учебный центр."
    }
},
{
    "model": "e5_app.vacancycomponent",
    "pk": 10,
    "fields": {
        "vacancy": 3,
        "component": 4,
        "filling": "Продвижение и продажи трубопроводной арматуры в Москве, Московской области и ЦФО;\r\nРабота с предприятиями в сфере водоснабжения, строительства и ЖКХ;\r\nАнализ рынка, конкурентной среды и потребителей продукции;\r\nПривлечение дистрибьюторов, торговых сетей и конечных потребителей;\r\nВыявление потребности рынка;\r\nУчастие в формировании и реализации стратегии;\r\nПроведение переговоров и презентаций;\r\nРазвитие дистрибьюторской сети и обучение персонала;\r\nЗнание техник вывода новых продуктов на рынок и создания спроса."
    }
},
{
    "model": "e5_app.vacancycomponent",
    "pk": 11,
    "fields": {
        "vacancy": 3,
        "component": 5,
        "filling": "Высшее техническое образование;\r\nОпыт работы в B2B продажах;\r\nИнтерес к оборудованию, желание и умение разбираться в сложном технологическом продукте;\r\nВозможность уверенно общаться с заказчиками по любому техническому вопросу, давать профессиональные комментарии и рекомендации по инженерным решениям;\r\nУмение стратегически мыслить и самостоятельно принимать решения."
    }
},
{
    "model": "e5_app.vacancycomponent",
    "pk": 12,
    "fields": {
        "vacancy": 3,
        "component": 6,
        "filling": "Официальное трудоустройство, гарантированное Вам при вступлении в нашу команду, обеспечит Вам стабильность и уверенность в будущем;\r\nПрикрепление к Московскому офису с возможностью посещать головной офис и производство в г. Челябинск позволит Вам быть в центре событий и ощутить на себе дух нашей компании;\r\nПрогрессивная система оплаты труда, включающая в себя оклад, ежемесячные премии и годовые бонусы по результатам работы, стимулирует к профессиональному росту и повышению квалификации;\r\nКомпенсация сотовой связи и затрат на личное авто (при наличии) является еще одним приятным бонусом, который мы предлагаем нашим сотрудникам;\r\nРазъездной характер работы позволит Вам получить уникальный опыт работы в разных регионах и с разными клиентами, что расширит Ваши профессиональные горизонты."
    }
},
{
    "model": "e5_app.vacancycomponent",
    "pk": 13,
    "fields": {
        "vacancy": 4,
        "component": 4,
        "filling": "Работа с предприятиями в сфере тепловых сетей\r\nПродвижение трубопроводной арматуры в Москве, Московской области и ЦФО;\r\nАнализ рынка, конкурентной среды, потребителей продукции;\r\nВыявление потребности рынка;\r\nУчастие в формировании и реализации стратегии;\r\nПроведение переговоров и презентаций;\r\nВывод новых продуктов на рынок, создание спроса на продукт;\r\nВедение отчетности в 1С, ERP, Bitrix 24"
    }
},
{
    "model": "e5_app.vacancycomponent",
    "pk": 14,
    "fields": {
        "vacancy": 4,
        "component": 5,
        "filling": "Высшее техническое образование;\r\nОпыт работы в B2B продажах;\r\nУмение стратегически мыслить и самостоятельно принимать решения.\r\nИнтерес к оборудованию, желание и умение разбираться в сложном технологическом продукте;\r\nВозможность смело общаться с заказчиками по любому техническому вопросу, давать профессиональные комментарии и рекомендации по инженерным решениям."
    }
},
{
    "model": "e5_app.vacancycomponent",
    "pk": 15,
    "fields": {
        "vacancy": 4,
        "component": 6,
        "filling": "Официальное трудоустройство, гарантированное Вам при вступлении в нашу команду, обеспечит Вам стабильность и уверенность в будущем;\r\nПрикрепление к Московскому офису с возможностью посещать головной офис и производство в г. Челябинск позволит Вам быть в центре событий и ощутить на себе дух нашей компании;\r\nПрогрессивная система оплаты труда, включающая в себя оклад, ежемесячные премии и годовые бонусы по результатам работы, стимулирует к профессиональному росту и повышению квалификации;\r\nКомпенсация сотовой связи и затрат на личное авто (при наличии) является еще одним приятным бонусом, который мы предлагаем нашим сотрудникам;\r\nРазъездной характер работы позволит Вам получить уникальный опыт работы в разных регионах и с разными клиентами, что расширит Ваши профессиональные горизонты."
    }
},
{
    "model": "e5_app.vacancycomponent",
    "pk": 16,
    "fields": {
        "vacancy": 5,
        "component": 4,
        "filling": "1. Поиск потенциальных клиентов, проведение переговоров для выявления их потребностей;\r\n2. Выезд к клиентам для проведения презентационных и иных мероприятий;\r\n3. Ведение переговоров с клиентами для подбора и согласования технических решений под требования\r\nклиента, в том числе на территории клиента;\r\n4. Проработка, корректировка, составление технических заданий;\r\n5. Разработка технологических и функциональных схем;\r\n6. Разработка и согласование технических спецификаций;\r\n7. Составление технико-коммерческие предложений;\r\n8. Подготовка технических документов для тендеров и котировочных заявок;\r\n9. Подготовка технических документов для оформления договоров с клиентами;\r\n10. Заключение договоров на поставку продукции и согласование условий поставок;\r\n11. Контроль за исполнением заключенных договоров;\r\n12. Составление заявок, сводных ведомостей заказов и номенклатурных планов поставок;\r\n13. Оказание консультаций клиентам по подбору вакуумного оборудования;\r\n14. Выполнение отдельных служебных поручений непосредственного руководителя."
    }
},
{
    "model": "e5_app.vacancycomponent",
    "pk": 17,
    "fields": {
        "vacancy": 5,
        "component": 5,
        "filling": "Техническое образование (желательно в области вакуумной, криогенной или компрессорной техники и технологии);\r\nОпыт продаж (желательно сложного технологического оборудования);\r\nПроактивный подход к работе и желание профессионально развиваться;\r\nОриентация на достижение результата;\r\nГотовность к командировкам."
    }
},
{
    "model": "e5_app.vacancycomponent",
    "pk": 18,
    "fields": {
        "vacancy": 5,
        "component": 6,
        "filling": "Официальное трудоустройство по ТК;\r\n    Корпоративная связь;\r\n    Офис в центре Москвы, 3 минуты от метро;\r\n    График 5/2, 8 часов (возможен гибкий график для студентов старших курсов);\r\n    Дружный коллектив, корпоративные мероприятия!"
    }
},
{
    "model": "e5_app.vacancycomponent",
    "pk": 19,
    "fields": {
        "vacancy": 5,
        "component": 10,
        "filling": "70-120 т. р. на руки в зависимости от опыта и квалификации (60-100 на испытательный срок);\r\n13-я зарплата, начиная со 2-го года работы;\r\nпремия по результатам работы."
    }
},
{
    "model": "e5_app.vacancycomponent",
    "pk": 20,
    "fields": {
        "vacancy": 6,
        "component": 5,
        "filling": "Образование высшее, техническое.\r\nОпыт работы на производственном предприятии от 1 года\r\nЗнание основ ЕСКД и ЕСТД, базовые навыки в разработке конструкторских документов.\r\nПонимание основных методов контроля герметичности и гидравлических испытаний на прочность.\r\nОтветственность, коммуникабельность."
    }
},
{
    "model": "e5_app.vacancycomponent",
    "pk": 21,
    "fields": {
        "vacancy": 6,
        "component": 6,
        "filling": "Пятидневная рабочая неделя.\r\nИспытательный срок — 3 мес.\r\nМы, АО НПО «Техномаш» им. С.А.Афанасьева, находимся в 10 минутах ходьбы от метро Марьина Роща."
    }
},
{
    "model": "e5_app.partner",
    "pk": 1,
    "fields": {
        "name": "ЧКЗ",
        "photo": "photos/partners/chkz.png"
    }
},
{
    "model": "e5_app.partner",
    "pk": 2,
    "fields": {
        "name": "mvif",
        "photo": "photos/partners/mvif.png"
    }
},
{
    "model": "e5_app.partner",
    "pk": 3,
    "fields": {
        "name": "LD",
        "photo": "photos/partners/LD.png"
    }
},
{
    "model": "e5_app.partner",
    "pk": 4,
    "fields": {
        "name": "AtlasCopco",
        "photo": "photos/partners/atlascopco.png"
    }
},
{
    "model": "e5_app.partner",
    "pk": 5,
    "fields": {
        "name": "НПО Наука",
        "photo": "photos/partners/npo_nauka_logo.png"
    }
},
{
    "model": "e5_app.partner",
    "pk": 6,
    "fields": {
        "name": "БЛМ Синержи",
        "photo": "photos/partners/blms.png"
    }
},
{
    "model": "e5_app.partner",
    "pk": 7,
    "fields": {
        "name": "ЭНЕРГИЯ",
        "photo": "photos/partners/rkk-energia_logo.png"
    }
},
{
    "model": "e5_app.partner",
    "pk": 8,
    "fields": {
        "name": "Аркон",
        "photo": "photos/partners/Аркон.png"
    }
}
]
